id,Q1,Q2,Q3,S1,S2,S3,S4
1,0.32655273761068065,0.4375934204884938,0.41229518949985505,0.667250636950629,0.8500272194821953,0.9484392925899217,0.6822567994580094
2,0.30373224956648687,0.33255991595132006,0.12630153936999186,0.7302903779395366,0.6455231615364434,0.8770082067826082,0.4564621456801149
3,0.591331352506365,0.45130754368645803,0.8604203343391419,0.7715915288312737,0.9986937540964982,0.8894462737638029,0.7646333069072115
4,0.46461765595844806,0.5938384217875344,0.6313413347516741,0.7000368600152403,0.6181444520124467,1.0215447062580203,0.7777032328522268
5,0.35034302941390444,0.14537517641271863,0.7653675879750933,0.7511931351862824,0.5145383439543354,0.8332857729860513,0.33704266479906086
6,0.40920309935297283,0.6265399609293256,0.7242789660181318,0.5654672820977603,0.7305945815469835,0.7979112309810146,0.7921397514393381
7,0.5908045743192946,0.430974805355072,0.41717381605080195,0.5083496121044293,0.7418477214841832,0.9006404477477564,0.8123131446628967
8,0.5095751396247319,0.8107213446072169,0.9708254797118051,0.8439191269463582,0.6272387740727889,0.8425646243077197,0.3415163939799583
9,0.4593327641487121,0.43036988122122627,0.5370317961488451,0.5444527119279451,0.7694654944698341,0.7902456351208886,0.6596096097151858
10,0.17886655500956944,0.4898650629179818,0.3410364044564111,1.0055575088070638,0.6424859483500895,0.7514681230359181,0.6022250836434749
11,0.5256560572556087,0.4261912022318159,0.9075407334736417,0.7054230227463761,0.6086132431579746,0.6728422391521293,0.6778629931676325
12,0.6553303054400852,0.46208774958338056,0.4673313008887427,0.7927805378800986,0.6353934474419961,0.7477212235638916,0.7887848441289175
13,0.1243245393037796,0.4289827074323382,0.08008161346827235,0.40300288744603663,0.5075266297630014,0.6648182752145705,0.6449619857623559
14,0.2139079679335867,0.8009065696171351,0.32188789078167507,0.49998019023585505,0.2956214140750367,0.9799039132903464,0.8886860392827982
15,0.3588031360081264,0.8825504762785775,0.9317198923655919,0.7919998439308987,0.5241342628884501,0.6213568301436732,0.48771095982018037
16,0.3251551896333695,0.5784699031284877,0.7666973778179713,0.5974461390380937,0.8847466313101259,0.7698434403446344,0.3443865806746479
17,0.4912291101046971,0.41987003428595404,0.7835787875311714,0.2952093105435495,0.7117346011221714,0.76761005301975,0.6310675262344773
18,0.523607828787395,0.7899709718567983,0.2263408850346293,0.4543355038742565,0.49190440946192765,0.7563264818533088,0.5625014036149658
19,0.6902195760181972,0.8215709515980312,0.3475465553147452,0.6801625026435391,0.22741490382611382,0.7964024981603083,0.40413233341467775
20,0.6807080439158849,0.09692109919020107,0.6407655852181572,0.7369218787549631,0.5192480596726119,0.8375905118146776,0.7624440834178633
21,0.1695585208279746,0.6506696581840515,0.6127943669046675,0.6134593548144546,0.7338654687855953,0.8328475757339306,0.4746603263286672
22,0.8366701075008937,0.6832766022000992,0.8654296943119595,0.766054774061646,0.8308232731838031,0.5129887144604045,0.6141495548873704
23,0.4235715985298157,0.6926352279526846,0.7316747937883649,0.4972459955477581,0.8015749115589257,0.6682259055809673,0.6390105332608511
24,0.7190602081162589,0.4837514017309461,0.8764798130307879,0.7562566708609886,0.6179991611192076,0.9381601753393168,0.39632603970930375
25,0.36126604165349685,0.5476317243916649,0.4421721279621124,0.2862669438430606,0.6089929148617631,0.6737705129819768,0.6248750163067974
26,0.27068223655223844,0.8237716811043876,0.7360494647707257,0.594554032022539,0.8015502546672739,0.8362257600931012,0.5798625444834264
27,0.29998033727918355,0.7777006455830165,0.43902994564601355,0.8472744041086974,0.8415597901027809,0.6172212990733768,0.45657424048281003
28,0.6209369855267661,0.4321005382708141,0.5786998910563332,0.7788621330449951,0.9335162904245031,0.7477021403414369,0.5138220669600357
29,0.6399091907909938,0.5549224308558873,0.6640578389167785,0.7919539672557415,0.9599152499290212,0.6798415870745972,0.5519422727393192
30,0.13486840490783963,0.7034334250858851,0.577799608026232,0.7030161626293899,0.9038162922010559,0.7657234064236211,0.9011608465665631
31,0.6534729412623815,0.7286342586789811,0.4810008559908186,0.7009455152516736,0.9350962557893763,0.8359906690074482,0.901210431681367
32,0.4009873466832297,0.7132923645632607,0.9023778029850551,0.7964494378300554,0.8664543042532789,0.6100570093030786,0.6990598111665134
33,0.34319496452808373,0.45680086016654975,0.6323113560676574,0.7221198861099272,0.9604359008535718,0.8272595055677497,0.8933510791868239
34,0.3214630486709731,0.7719852430479868,0.9190480470657348,0.8550634220321639,0.921859102128273,0.719793234823479,0.7786163510176699
35,0.7815203079155513,0.25059340298175814,0.623795450585229,0.6237005397365616,0.6925637308423652,0.8058227303207589,0.46742393773772045
36,0.4573660842009953,0.7514570883342199,0.501982786825725,0.6825193462489212,0.9529831979232105,0.9266136282185737,0.7878677956467033
37,0.18284176332609994,0.40826075673103335,0.27152079173496796,0.7349899857648882,0.9147461792400996,0.8553189350252725,0.6055905038629075
38,0.29005060195922855,0.5875902209963116,0.42496990135737833,0.6725201640186877,0.8206902890557085,0.812374996885594,0.8155619266021665
39,0.5274513840675354,0.8091351117406572,0.9559974466051375,0.8395481078541389,0.9023337300475213,0.7716950015093716,0.753020409582008
40,0.4384442482675825,0.5149491829531534,0.3976947554520199,0.84931519176032,0.8850362169371835,0.8772576092483053,0.8197017676344877
41,0.4837481251784733,0.6468494551522391,0.6310045599937438,0.9651208215367139,0.6985371279446669,0.8212615347374156,0.6426818917533985
42,0.786897005353655,0.6144499787262507,0.7780822822025845,1.0467294985254336,0.9248246873469915,0.9284673632345689,0.8611964056550808
43,0.6828307066644941,0.4460276808057512,0.4187243265765054,0.700275348589967,0.7540065855376873,0.9561174141478942,0.845484297792251
44,0.8768458536693028,0.5335523809705462,0.6268877846854074,0.8207946046418283,0.8796262550481044,0.8307115145203599,0.7069678059079981
45,0.7592065300260271,0.7900187492370606,0.8700559394700187,0.9208158076158844,0.8878303965805686,0.7015973394641527,0.5544637220125678
46,0.22887940279075078,0.4001390891415733,0.6303236518587385,0.8453105702887713,0.6969850841032841,0.7584936388365257,0.6950547167372304
47,0.4011850782803127,0.5167568249361857,0.46542302710669375,0.9018474263298336,0.9191912662750937,0.8437359844439261,0.72224574429081
48,0.6535916669028146,0.6199321661676679,0.8654247897011894,0.8295633186477277,0.8558726433502756,0.8658324845305385,0.5406378430868034
49,0.7968905687332153,0.5540602803230285,0.6902978616101401,1.0061265809694382,0.8947169454775714,0.6321737592828185,0.6766606398589197
50,0.9286325590951102,0.7257804044655393,0.8805761711938039,0.8014221227936487,0.7137725797696511,0.6719818126487551,0.4397436811156538
51,0.5577356679098947,0.7761639297008512,0.4321419094290052,0.9396761210889906,1.0619868170499944,0.6032179323830053,0.6919172215680589
52,0.34325106016227175,0.7288691690989904,0.5110796068395888,0.7965101288823007,0.8560452687778082,0.7577775634437671,0.5041502919067684
53,0.48066441161291934,0.2502844142062323,0.47226124916757856,0.8850782852525944,0.917433602618957,0.8534165663219323,0.8564649918090846
54,0.4090512028762272,0.6784850886889867,0.37163774498871394,0.6586740340428404,0.637177271395964,0.5293033335253897,0.5472781206670477
55,0.7449129973139081,0.7951806545257567,0.6749946645327977,0.8141368333702286,0.9668502955078022,0.7739896631218144,0.8711623355441782
56,0.9646815810884748,0.5529132894107274,0.6852635375091009,0.8806645536839746,0.8470713691003596,0.7974934323891751,0.5105797713707537
57,0.7214553611619132,0.8421420948845999,0.8961915595190865,0.8087592800512302,0.8455853408734523,0.6650718801180764,0.9108601862688894
58,0.24709773617131367,0.14972694995147842,0.5558626711368561,0.8554614106569479,0.9190131313784214,0.8525200257608765,0.9071223040502063
59,0.6438337555953434,0.42010773335184376,0.48265167304447726,0.9628243218505447,1.0595816596220202,0.8899058900949991,0.8612978411016053
60,0.925157640661512,0.7052699344498771,0.38809280778680527,0.9407199231310714,0.6914160657646699,0.7099653498138929,0.32413077001241664
61,0.8153955101966858,0.8913477386747088,0.9813070552689689,0.9037626006451506,0.611468115662462,0.6411711560797458,0.7912252030025285
62,0.7430553436279297,0.7630881564957754,0.772009665625436,0.7210071690394345,0.5660784689287726,0.7165423670697952,0.24796850865186265
63,0.8638856376920427,0.6431290515831539,0.8945891175951276,0.819570687188586,0.6387822782673732,0.706466849547518,0.3482343414976918
64,0.7856237036841255,0.9072452817644392,0.7965486015592302,0.906474676012831,0.28935339107461805,0.7670574274958423,0.15754199653259085
65,0.7896442106791904,0.9514040078435625,0.4298969149589538,0.746544633655207,0.394068183346073,0.7446768928168267,0.2177271509937398
66,0.7922253080776759,0.8350158470017569,0.7907144325120108,0.7055896503615084,0.2925573406032567,0.797644259054935,0.051504751220066335
67,0.5467290146010262,0.8676377075059073,0.7103201900209698,0.8309610462936846,0.6765241102457437,0.5577446865919592,0.6597728271182467
68,0.6748980462551117,0.7680361304964337,0.8322592445782252,0.8499739240001304,0.6945156544642496,0.4369056253244999,0.5343705828349439
69,0.6721207933766502,0.9170849714960372,0.8364023906844001,0.9352401310155838,0.5540722457364102,0.4536042915797785,0.4068372671878076
70,0.8660127827099392,0.9561989665031432,0.8039564796856472,0.9678676017925857,0.2614545777508238,0.5144395761623612,0.3382096001234188
71,0.3327930399349758,0.927169110093798,0.8451585037367684,0.7758086793556042,0.43929696826199754,0.6174438287169227,0.6598662007164623
72,0.6713117429188319,0.406394413965089,0.7945602178573609,0.8264302765313031,0.5808124108903826,0.5034251783476283,0.5831054226151782
73,0.8416814633778164,0.5385653947080885,0.868745061329433,0.7699484828733134,0.6702075416667289,0.7248365127370898,0.6409446136141125
74,0.8009544219289507,0.8800278084618706,0.9036819645336697,0.8802363331997987,0.46519950886338884,0.43457302503330875,0.3175912160412483
75,0.8844773922647748,0.7981963787760052,0.9598724280084882,0.732923161923545,0.40784120384648925,0.47094263582013923,0.25219604634859316
76,0.6806891986301967,0.8203670280320303,0.845088846342904,0.5464353244009615,0.603759037818843,0.396126081291306,0.5852273924206292
77,0.830444279738835,0.7732274515288217,0.6670828768185207,0.6636642643432626,0.44963437286734714,0.4519260024413887,0.4568323444852868
78,0.6929775391306195,0.9630772829055786,0.7362612656184605,0.8018770907454905,0.20691059923720717,0.3373610174494174,0.16704876711927624
79,0.4294800243207386,0.935060339314597,0.9346982972962515,0.8004919229532604,0.26810384837597956,0.3986339386928513,0.5007782949010975
80,0.6559867705617632,0.9916820543152944,0.8682811583791461,0.6493558310339858,0.6966330128434306,0.3751723622823358,0.5612106104602984
81,0.27423065645354133,0.3535753203289849,0.16317119385514942,0.501110554756731,0.4548528457562927,0.6738385539157327,0.5190822919769597
82,0.7428989240101406,0.647313358102526,0.8392430867467608,0.3917794117106864,0.6712410855864099,0.7219115479299336,0.3570709649933818
83,0.9439385669572012,0.6702047348022463,0.784729380267007,0.4593708578424353,0.4208255008448603,0.4302623392547108,0.6479919469294227
84,0.850667953491211,0.3284398858036313,0.6206742780549186,0.6153516445507077,0.6981690018039829,0.7251699581545366,0.33934173005516505
85,0.15435436006103243,0.17425803680505067,0.7492605601038251,0.607204301336721,0.8555948517362771,0.5749694782010525,0.5172975739960036
86,0.5342564361436027,0.9216532383646283,0.8217814292226518,0.792007380420829,0.7855018039701861,0.7176046980820974,0.8933223123682774
87,0.733538259778704,0.4418012312480381,0.8810489841869901,0.8681163410222485,0.6057913787699395,0.6796855793883718,0.6929759448171543
88,0.5081481984683446,0.8916484798703875,0.5492594191006251,0.7261947955494241,0.7911077209447399,0.5293320787687905,0.16896692183707504
89,0.7027037824903216,0.6638563454151154,0.5182610158409391,0.43906226540905247,0.5409633036354476,0.6328389401106996,0.36998067335402507
90,0.7857222131320408,0.4772696035248893,0.8049878443990435,0.9692109240864512,0.7904384751652216,0.7524529153448156,0.5765271106010379
91,0.33327474040644506,0.9297646505492075,0.5963009808744703,0.8071270912544246,0.7402791461498953,0.6528166335436001,0.31272533230786476
92,0.29925421306065153,0.3225986808538437,0.8191342864717756,0.7479529050426944,0.5952930975024638,0.6889851456442478,0.4595653948793244
93,0.5259784587791988,0.10853431522846223,0.5320374778338842,0.7019348093185158,0.48741483223731313,0.6183497490856824,0.4769477262320959
94,0.6527086164270129,0.07840331574635846,0.8031727279935563,0.718662964948689,0.6422376924423325,0.6051333917219609,0.26608871121020916
95,0.31966247388294766,0.6074924141168594,0.451812790121351,0.6879623973530171,0.5383810241327802,0.4372774009399979,0.18817221612227145
96,0.3997321512017931,0.941472453730447,0.9403679234640938,0.7868868671254151,0.440897255269198,0.5537299966435162,0.7460836577522348
97,0.27977513585771835,0.7688980834824698,0.5128376100744519,0.556144294102931,0.6209421459318376,0.4095704172792775,0.5389233845199218
98,0.36198846016611375,0.8539285761969432,0.6383541907582965,0.7477214321793255,0.5199447823559471,0.39188398771352156,0.4960689807219355
99,0.5859688120228903,0.34038200889314923,0.27737127499920977,0.7686802614397097,0.5869195453377045,0.4139150992477187,0.06389705778641805
100,0.2129541282142912,0.3027208111115864,0.7733626518930707,0.9353003820543698,0.6372868434600523,0.5404467239262928,0.7954034413152167
101,0.5003299159663064,0.9907638703073773,0.7692344563347951,0.8558905911486877,1.0336165564959123,0.5618286311625639,0.6709536374731752
102,0.5408313734190804,0.622851287467139,0.3165314946855817,0.8790130276738951,0.7265244194909828,0.49833450430271053,0.5922828493573914
103,0.8257468359810965,0.9610427686146326,0.7995286081518447,0.7081591065874672,0.9046461498140902,0.6072412434116546,0.6668570725841925
104,0.48499813675880427,0.7675916901656559,0.8363380381039212,0.8188824523918372,0.5027938494049325,0.5922929278667698,0.4580695352952949
105,0.8444634284291948,0.17555321838174545,0.6323893070220947,1.0040032652673223,0.6597094132412357,0.7616615247531465,0.72787909063715
106,0.5161786547728948,0.9891634975160872,0.9604792390550887,0.9046686930225976,0.5475469439848787,0.5954569325000565,0.4424139526425008
107,0.5664112772260393,0.9580079334122793,0.8037811636924743,0.72621498696836,0.4983719359429898,0.6757365255854848,0.43864425798055634
108,0.5005180018288748,0.7142656905310495,0.6498401624815804,0.6216428640985122,0.009555693886880327,0.22332671058572912,0.6775127818257183
109,0.30818613192864835,0.3489346542528697,0.9510641404560635,0.5498691682633302,0.4718972106595756,0.24798416279351507,0.7439025964909272
110,0.5656816405909402,0.5159583534513201,0.9790749924523492,0.5616768982757325,0.404341776704301,0.4117456025298686,0.5508052770901593
111,0.6274372526577541,0.33079585220132557,0.8181733335767473,0.5896353433403412,0.1567621668026509,0.2256816518748646,0.35801370827586776
112,0.5933625553335462,0.49044714314596993,0.7714850459780012,0.5759849070408586,0.19476352284014764,0.28625998093230304,0.30089651047095345
113,0.28927025794982913,0.14273953714541027,0.27389847167900633,0.33625952560284855,0.0569436859020588,0.19783322879580661,0.514318195833807
114,0.5176262753350394,0.4221088094370706,0.9483181374413627,0.7483356425787221,0.4615682477557179,0.0679271357832119,0.6348578599432991
115,0.3423174538782665,0.3489679685660771,0.7186823674610683,0.48117117260703246,0.49676780733334486,0.5012585857262153,0.2966708799566865
116,0.34095018633774343,0.26645304901259287,0.9526067648615156,0.6476521334337761,0.5151628606864144,0.40051428775442843,0.6047591927347999
117,0.8892249124390739,0.4305735886096954,0.8481256519045147,0.6114073307683116,0.4562087315555273,0.430170362533354,0.6648953696059562
118,0.6049705897058759,0.2910946969475065,0.8851337603160313,0.5813487036839178,0.2632560268176292,0.1558097533664017,0.21508868147291058
119,0.7277134554726737,0.5657143039362771,0.9068368673324584,0.49227762844332673,0.36316474426999,0.0784665568976235,0.3727727410268976
120,0.18147880222116197,0.5149022323744638,0.24968455944742476,0.6413139174112074,0.6168098530911479,0.5585276591986765,0.5269792685738892
121,0.13632444622261183,0.4485793799161911,0.38456677751881735,0.3213185822049946,0.31489861445628103,0.2319415110371764,0.46478780448465956
122,0.32778623189244954,0.7570472683225358,0.8288226553371973,0.7171579584250812,0.5466608974747776,0.34008639823380005,0.4041030091453856
123,0.16953836232423786,0.241899718769959,0.9006047606468199,0.38400367523914725,0.6193809827135441,0.2281478898311075,0.4004524245537748
124,0.8334764838218689,0.5049393726246698,0.7470785055841719,0.7517590404634271,0.4032380193065471,0.3018760591776339,0.6145348945630137
125,0.26255558047975813,0.5243132863725936,0.7505193999835423,0.8795759965180449,0.40996537287419865,0.17858855671247534,0.5558940196060657
126,0.29732733752046314,0.6255974786622184,0.8990213070596967,0.6812241430236947,0.34152538802629584,0.13686377200418443,0.7036805814671551
127,0.38246175731931414,0.8633143867765155,0.9723052348409379,0.5596443806513338,0.4271265459536025,0.21088409529517507,0.5029842007786269
128,0.5926594878946032,0.35336797620568955,0.9634702563285827,0.5438499986000398,0.3249746673675816,0.11978938194494759,0.429590875338817
129,0.6758847372872488,0.7088696343558176,0.9224241580281938,0.9340906637362296,0.9763852500021384,0.6514595456526624,0.5778304215210209
130,0.577289044857025,0.7823325651032584,0.19885562275137222,0.9801789250852251,0.7625006284378425,0.7944241054197096,0.6586744225030393
131,0.19733628822224483,0.8229831627437046,0.5733144896371024,0.8466889735328318,0.6823352114431354,0.9276067715846604,0.9888437691578309
132,0.3831079870462418,0.5089765157018389,0.9409364410809109,0.8972578908442072,0.8305237123218703,0.7867235052998413,0.8660426945768538
133,0.34769813460963117,0.6842058752264295,0.5844310641288758,0.7878391785128072,0.7613977699404849,0.8806643888844368,0.8278253389265495
134,0.4681186931473868,0.9036438243729726,0.742388847896031,0.7484375066494221,0.9228054204119355,0.8093062001394541,0.741325686797151
135,0.2595242242727961,0.6687433992113385,0.44472286914076126,0.8695179955981295,0.886488507959874,0.8891516805182725,0.7134993831330758
136,0.5160810164042882,0.6894411853381566,0.7773906009537833,0.9506700933241302,0.9372593337387116,0.8579319859219635,0.8197190467919556
137,0.35922814692769733,0.6314862753663745,0.6131116935185024,0.9105716991786571,0.9046731222908945,0.8901298010805131,0.9316500096332396
138,0.14412369642938885,0.11978897835527148,0.4200932775224958,0.8446698487089747,0.784552191406551,0.7964492441726548,0.8806152532137715
139,0.24203266607863563,0.5445627685104097,0.7133318185806274,0.8974217398530933,0.8270131267736064,0.6193977465526472,0.8916119869038238
140,0.2887821755238941,0.8930866582053049,0.36172662292207985,0.6297314619279694,0.6962856109751515,0.5783675367100412,0.7206086932800426
141,0.4362765972103391,0.7725060871669224,0.8648696490696499,0.8186220869187345,0.9544990375029296,0.6895852096371436,0.8069198732962892
142,0.6195495682103294,0.6627685410635813,0.3729050406387873,0.8222142848609566,0.781117619096429,0.7736861762276767,1.0317115569181328
143,0.4352208486625127,0.7390325699533734,0.889504783494132,0.8213364720131464,0.7270160150949394,0.6669120858003473,0.8234404522858381
144,0.39844994374683923,0.5921198444707053,0.8149005327905927,1.093592786450088,0.9944143097135092,0.8591909320510381,0.9970008744147975
145,0.8596135463033402,0.6169327676296233,0.49357639253139496,1.0029676593382926,0.9713655255717051,0.9471642174801626,0.9359020811825534
146,0.39125253132411414,0.2146576469498021,0.901639449596405,0.7915001660631553,0.9180166116953635,0.8918560518881113,0.8436441592211212
147,0.2982419371604919,0.33081009175096243,0.9193812114851816,0.9145720409030477,0.705310019782617,1.06234357860994,0.9115399720759146
148,0.21782248531069073,0.5522990609918321,0.7752050246511188,0.7975953205134418,0.8553724030688992,0.9185145770684516,0.9273650755774333
149,0.45180541787828715,0.3236289850303105,0.8790808507374355,0.8023562506392613,0.7136584091080367,0.8545724985697618,0.8629841341066965
150,0.10461925523621696,0.47538270098822455,0.2987902624266488,0.8525321823420953,0.8267290458387136,0.7914271561130246,0.8428890511168454
151,0.6997952052525112,0.9404637609209334,0.7820663026400976,0.747879467098004,0.7542735800179604,0.796187434627336,0.6076162491832147
152,0.5108414334910257,0.10157184079289436,0.5470228561333248,0.877482891328596,0.7249360196384281,0.6926217695339334,0.6796906174303096
153,0.783408397436142,0.3856917560100555,0.35071600633008143,0.5717788014602007,0.7051275988058079,0.7557960321931196,0.6277464008635273
154,0.6401707342692784,0.4020653452192034,0.8760657140186855,0.8299593633580857,0.7874650285446264,0.7568667684568381,0.7530182331414265
155,0.605508005619049,0.799176926272256,0.4433850011655262,0.3855544982220911,0.39762903392571547,0.7548438832980917,0.032058229259771115
156,0.7200518659182957,0.44402173246656146,0.413349078808512,0.8409936717175851,0.33188301887038124,0.7010671445894191,0.2559369240834237
157,0.7610442502158028,0.11681142364229476,0.1308453625866345,0.7420446976258896,0.5681872939395797,0.871670540811964,0.16521036944681897
158,0.5843855355467115,0.5295110068150929,0.37431651013238093,0.7540738854848759,0.5907142469803434,0.8669588411273909,0.3539704581605016
159,0.6177396927561078,0.6566588733877454,0.20374233978135245,0.8474360764791841,0.603451306568561,0.7222451243641209,0.24333282653793667
160,0.824927476474217,0.3841624451535089,0.6654438699994768,0.8506115249768301,0.5783849612966049,0.7732671823048987,0.49046835015526186
161,0.787620438848223,0.9407464419092451,0.8546644278935024,0.8388105426236033,0.588353185360538,0.7828930125410292,0.48813057167109
162,0.47716651899474005,0.3817541190556117,0.4643195790903909,0.5750129754051738,0.6855301372358588,0.611845061852159,0.10562199460048831
163,0.5334896615573338,0.4597423732280731,0.29625129529408045,0.6731060675168674,0.7218750331469195,0.8458595354098465,0.44161187181850836
164,0.7313656304563795,0.6257705892835345,0.3801451789481299,0.6899801596195988,0.5146466735390018,0.7681759769065745,0.40625815949639943
165,0.8155941673687527,0.33938335116420476,0.27960227089268824,0.736977489564289,0.5605172150069268,0.851788944832537,0.22411057999032266
166,0.6969943557466779,0.6138777179377419,0.15603826961347037,0.860133977881467,0.7125458165102786,0.8536689865760579,0.6832287367895427
167,0.3979180616991861,0.9319912348474775,0.8732460362570628,0.5921565655980948,0.5132102228242108,0.9203522627370521,0.5434129803453309
168,0.3297524362802505,0.7465960792132786,0.7527410830770219,0.7679041953723633,0.4949767408741041,0.7214789722340337,0.39773489068644763
169,0.8152447547231402,0.5854430845805577,0.8106342622212,0.6732075471300198,0.41012883748604884,0.8121944877772374,0.4166470964500358
170,0.3670547136238643,0.4430724020515169,0.7593825936317443,0.6849705891328453,0.6855197970351471,0.8061574222391524,0.160349946850769
171,0.8792676244463241,0.7592336433274405,0.8420486160687038,0.6794288554361068,0.5873758339147789,0.761696025698911,0.40528298815656477
172,0.610407749244145,0.6173522357429777,0.5835213678223746,0.6887015154188048,0.2987274943137662,0.8325343663633227,-0.02482304656729109
173,0.5722003928252629,0.4859841406345367,0.6328922067369734,0.8209535806131292,0.7293482652848394,0.7918739008581864,0.4998772115966294
174,0.5205879075186594,0.6000470561640603,0.6009766846895218,0.7635473400544454,0.7591538402696705,0.6449596402172867,0.46952352232519473
175,0.7463154196739197,0.28842299814735145,0.7511473212923322,0.6878317851099673,0.6080653020307035,0.6833549329560425,0.4661402884749169
176,0.8465956687927246,0.8293024352618625,0.8925499933106559,0.6550332723371317,0.6821821592491251,0.7987046005066726,0.4367612326431266
177,0.5840754866600036,0.20865828437464576,0.44375781587191987,0.6835271620374332,0.31109359441925083,0.7015340518312726,0.07095151071292634
178,0.18552426184926712,0.37451727560588294,0.8196701782090324,0.7067786630303627,0.49455486612565075,0.7642443487509621,0.41148724935971065
179,0.6742769701140267,0.6591947393757956,0.5412830999919347,0.5793387427931255,0.46444307763230996,0.6087540297210313,0.49854831676673966
180,0.4939763699259077,0.27323104483740673,0.5915183808122363,0.7882383160560986,0.6879154861935621,0.7185194674117878,0.4341391859060654
181,0.6897035573210035,0.6016246097428457,0.613529019696372,0.9540359010790225,0.6891613163066049,0.7006714007497258,0.6787623311641606
182,0.810441173825945,0.6606347075530461,0.951527510370527,0.7848193248792504,0.5323881428454033,0.47301634496944,0.4207751065518491
183,0.35677618639809744,0.19902221134730746,0.09258555346833808,0.6466325479480547,0.40650629696138596,0.79885999406166,0.5778137935288815
184,0.5655332122530256,0.8759783983230591,0.24200527455125534,0.7177052486300909,0.5375369671014946,0.5660920169756933,0.28341120255427255
185,0.45122570736067635,0.2922428201351847,0.17141033496175492,0.46829539600657244,0.5953702350159008,0.5266679174179779,0.5872171148365117
186,0.4477695081915174,0.4641442188194819,0.11367487066558431,0.6433270743437296,0.8581482801547111,0.7368416877376155,0.4607877451929581
187,0.2461865944521768,0.5719455369881221,0.4611152401992253,0.6516793113722172,0.5580990358936135,0.7313982371929459,0.3360555814428498
188,0.38608977539198747,0.2103392366852079,0.1476030003811632,0.1533532401509139,0.4470676772334537,0.5311671473365562,0.2523628768018957
189,0.6691179003034319,0.7579693709100995,0.20856036054236546,0.7891887946541915,0.6661406913480937,0.7750454650924442,0.3254705147252851
190,0.5560252521719252,0.7058633685112,0.6137390145233699,0.355725570185698,0.3293582574018568,0.8132656660083887,0.39525490171265565
191,0.26747007582868854,0.8170236400195531,0.26152179624353133,0.457590840748595,0.3201663594951817,0.6636581234469332,0.2659258185765399
192,0.6265157699584961,0.477352374792099,0.30518573650291986,0.7577789271101892,0.6105629030253704,0.7250887853696611,0.1476633281917583
193,0.6695559569767543,0.965602469444275,0.9371220707893372,0.533748043111105,0.2119644858831333,0.42296229959181864,0.3731277451349278
194,0.29062156123774396,0.8973698394639152,0.6707582558904376,0.4820166323962226,0.4448847582619458,0.7333263458001159,0.13000991345339816
195,0.34710358977317807,0.78287444795881,0.4955276387078421,0.30358043436318766,0.5011673955766512,0.6406372871628271,0.41149166587730285
196,0.44689554827553885,0.7683086207934788,0.2766947856971196,0.5837562328229763,0.583803659527356,0.5996927272824024,0.24960228962160766
197,0.6545361246381488,0.8834222384861536,0.6182337164878845,0.6971244559686988,0.7183049339459023,0.7067589251614732,0.6673578795049806
198,0.4989449611731938,0.9023729171071734,0.8110795753342765,0.7462931829943159,0.4969544812132533,0.4782170565384959,0.6714115781108193
199,0.46366522056715836,0.9488728301865713,0.5888520734650748,0.45634736524515473,0.5374441354471585,0.43367705319086924,0.7440538902282804
200,0.3371954879590443,0.9052199925695147,0.26630809498684743,0.2214876780577561,0.37477648155066934,0.718419207903425,0.6878144721126783
201,0.44025949324880326,0.7241896084376744,0.14781110467655317,0.43476761478825016,0.4071385741900068,0.7119244515975048,0.5179135326023875
202,0.760041778428214,0.2275808730295726,0.6303906500339508,0.4395397479888898,0.44405461184560907,0.6655251561124429,0.4824359007014971
203,0.08461498107228961,0.15652599909475873,0.18762811379773278,0.5133128883365247,0.9438965407589741,0.8799145650889738,0.6061582407023003
204,0.6889233018670763,0.16885342683110918,0.38464053528649467,0.5077286602021563,0.4544473505542352,0.6772544331958993,0.26537097416109917
205,0.4549294667584555,0.48894048673765994,0.47243714417730065,0.9125699957779093,0.672939835246018,0.6555274799096509,0.8010569952195878
206,0.5780210980347225,0.5725578589098793,0.5507470888750895,0.6176941170463127,0.8387270319809698,0.6268502803720707,0.756211047122368
207,0.584357809168952,0.35073768283639634,0.6861943415233068,0.70087730930375,0.6047132325793697,0.6899459909829856,0.6785903508624911
208,0.7656135490962438,0.5824048740523201,0.3354007580450603,0.8991489560663605,0.6302323883708573,0.5924175516123852,0.7333332501080093
209,0.6151228057486671,0.1677343863461699,0.2324170563902174,0.6361998527584195,0.7837989540853211,0.922510622479039,0.45757394178188454
210,0.4113970249891281,0.26238213075058797,0.2830758605684553,0.6524253428220792,0.9292072422815421,0.8407375604192743,0.4073252795873607
211,0.531403341463634,0.16542343007666724,0.3698515785591942,0.671946028843067,0.777220298396217,0.4991727328394654,0.3864345737118147
212,0.23254061596734182,0.058250398667795314,0.1348595164716244,0.6385458547846298,0.6271103049080777,0.6687640429301132,0.4051104095692198
213,0.6597680040768215,0.21159651215587344,0.686589527130127,0.5968567353153246,0.8048921651240502,0.8331226608869925,0.6212079341635514
214,0.32355447028364454,0.18012773681964192,0.36367725900241304,0.3555242440476233,0.6371935457744896,0.6100605082446038,0.7229609267873351
215,0.6445395452635629,0.5101970425673893,0.5513743434633528,0.7664454545161868,0.9750981975519474,0.7829362641355281,0.4988991133956074
216,0.7873526573181151,0.265544923714229,0.5227319376809256,0.9712201484090901,0.8506046352924989,0.798330272640633,0.8155665878652457
217,0.4569305990423475,0.36951564039502827,0.1376261402453695,0.5562447181018009,0.8207464134122203,0.45655700921023373,0.4031737736163726
218,0.35233431841645924,0.5830094822815486,0.3897950168166842,0.3702060859678434,0.7340602546656223,0.7665798602904583,0.7511260178703336
219,0.30723311219896593,0.7152053696768624,0.7496953300067357,0.5793975967704382,0.7202918979675702,0.656453999076151,0.7552527755525034
220,0.09354748289499966,0.013673333012099777,0.24662740656307763,0.6091471087110774,0.8680731831194338,0.7833972460016726,0.6648677995194572
221,0.6401532168899263,0.05399483894663198,0.5645078071526118,0.6223051393421348,0.6644002602656692,0.7223937540730907,0.7351599893063678
222,0.3938226103782654,0.5559744030237198,0.6909492322376797,0.5341593557312033,0.5774699911375419,0.6661839561012641,0.5551116415827201
223,0.3765108585357666,0.0732054275061403,0.3383354791573116,0.5337013014834057,0.703469603202324,0.43673101859078234,0.44844584836844675
224,0.7530873826571874,0.7360880374908447,0.5482233175209591,0.6292962465783892,0.976470185381779,0.7778795666818372,0.5836501381674963
225,0.3883889492068972,0.7285327928406852,0.43664488877568924,0.6052418724951647,0.9594712292701396,0.7568388466803094,0.7085736231928781
226,0.194402962071555,0.4247702206884112,0.830557940687452,0.6718090921055487,0.8809038922004018,0.680825721481863,0.7917023507973003
227,0.510558706521988,0.6355990954807826,0.2590241798332759,0.5737737776968783,0.708879885501478,0.6375889238166649,0.7779539226617496
228,0.22826428370816365,0.5802949684006827,0.26083495148590635,0.8395866312780658,0.6591972188138808,0.6319967118922064,0.5001516444497225
229,0.6095840309347426,0.3194818566952433,0.7767590420586722,0.6642455928431072,0.7048774321556545,0.5849089663439694,0.5936766254530095
230,0.3296044664723533,0.39353497879845756,0.7581482887268065,0.6763363381794979,0.3927018604415727,0.5920214049855715,0.44776689238764245
231,0.281332431946482,0.5674008020332881,0.2185354721333299,0.46741643965424334,0.501269240553856,0.3717652319343036,0.4287435706254065
232,0.43117709159851075,0.583035147190094,0.7784612144742694,0.4168859162064619,0.2854856128723801,0.3998571717139761,0.5926732221756544
233,0.6512038554464068,0.8090891429356166,0.6958907195499965,0.4093629300477777,0.290253252177746,0.14051708232554389,0.7767429507202673
234,0.2452199731554304,0.35972270965576175,0.29764508690152847,0.2408824186460349,0.319478641510259,0.3480799259414087,0.6337061618400883
235,0.6267836017268044,0.6498860589095524,0.6071539904390063,0.2765786767548568,0.41518518498483253,0.5431726009933339,0.6897432678924397
236,0.3845189094543457,0.6096117300646646,0.6700417612280164,0.6392195072253831,0.4373273127947931,0.6182258911564384,0.8472640976765433
237,0.5953517377376556,0.8121093034744262,0.6192355794566018,0.6050413032179944,0.358593926542446,0.6979261825086074,0.8180442285962711
238,0.4608679447855268,0.26717764607497624,0.12438424304127692,0.38056218175369766,0.06945574056548107,0.16992534318304503,0.4099170264762915
239,0.27181233635970525,0.3971460648945399,0.6667725469384874,0.4212169915977846,0.1221270693327677,0.3345935579976796,0.5120595377034707
240,0.3909185682024275,0.7131593891552518,0.8135158164160592,0.3901618925189084,0.5475718599150944,0.25099143382921335,0.6970393013402678
241,0.43333248410906106,0.4951805021081652,0.7364403196743557,0.5580713459441269,0.6294460593281561,0.4516692433607989,0.5733708547337385
242,0.4184894859790802,0.7417723332132613,0.734381125654493,0.39091900015163594,0.7128094547487899,0.5005503095504491,0.7955318220779108
243,0.6145896417754038,0.7341761095183237,0.7128406396933966,0.6251881674937333,0.6536882957985481,0.41971422497684596,0.7495605664961421
244,0.14334528297185894,0.6630563156945364,0.5120749115943908,0.18657989312182946,0.3320324801062137,0.5301642483638821,0.3138423029219304
245,0.7888125606945583,0.7851232188088553,0.5040428519248962,0.4544408357469804,0.5823863756898469,0.5850928027340225,0.5874944017266838
246,0.7370637553078788,0.5708854300635202,0.9211619990212577,0.34677702900105656,0.26037868858528623,0.2039355575421345,0.3363327902623415
247,0.37003151178359983,0.3055665347192968,0.8907465474946158,0.1993797546987887,0.16042338146845106,0.3877784390425677,0.3938294627929702
248,0.2982704141310283,0.6406975303377423,0.6753306669848306,0.3353443440605087,0.2805615234827208,0.2844199539165774,0.6514290100781684
249,0.2572943314909935,0.4669335629258837,0.5579828568867276,0.48402123665995356,0.24079500967800338,0.34037000342353874,0.4299674601941548
250,0.2461620079619544,0.7661038024084909,0.5224289221423013,0.2556558421245521,0.048933183802448196,0.4192504641888654,0.49060348099797274
